metacell	cell_type	color
cnidocyte_nematocytes	cnidocyte_nematocytes	plum3
cnidocyte_spirocytes	cnidocyte_spirocytes	plum2
muscle_tentacle_retractor	muscle_tentacle_retractor	gold1
gastrodermis_parietal_circular_prog	gastrodermis_parietal_circular_prog	darkolivegreen3
gastrodermis_muscle_X1	gastrodermis_muscle_X1	darkolivegreen4
gastrodermis_muscle_somatic_gonad	gastrodermis_muscle_somatic_gonad	seagreen4
gastrodermis_muscle_tentacle_bud_stage	gastrodermis_muscle_tentacle_bud_stage	springgreen3
gastrodermis	gastrodermis	chartreuse4
digestive_filaments	digestive_filaments	firebrick3
epidermis	epidermis	turquoise3
precursors	precursors	grey
precursors_neuronal	precursors_neuronal	grey
neuron_unk1	neuron_unk1	aquamarine4
neuron_peptidergic1	neuron_peptidergic1	deepskyblue1
neuron_peptidergic2	neuron_peptidergic2	deepskyblue2
neuron_peptidergic3	neuron_peptidergic3	deepskyblue3
neuron_peptidergic4	neuron_peptidergic4	deepskyblue4
neuron_peptidergic5	neuron_peptidergic5	lightskyblue4
neuron_lwamide	neuron_lwamide	dodgerblue3
neuron_vasopressin	neuron_vasopressin	blue3
neuron_insulin	neuron_insulin	royalblue3
neuron_unk2	neuron_unk1	steelblue1
neuron_unk3	neuron_unk2	steelblue2
neuron_unk4	neuron_unk4	steelblue
neuron_unclass2	neuron_unclass2	cadetblue3
neuron_unclass3	neuron_unclass3	cadetblue2
neuron_unclass4	neuron_unclass4	cadetblue1
neuron_unclass5	neuron_unclass5	lightskyblue2
neuron_unclass6	neuron_unclass6	lightskyblue1
neuron_unclass7	neuron_unclass7	aquamarine3
neuron_unclass8	neuron_unclass8	aquamarine2
neuron_unclass9	neuron_unclass9	aquamarine1
neuron_unclass10	neuron_unclass10	darkslategray4
neuron_unclass13	neuron_unclass13	darkslategray1
neuron_unclass15	neuron_unclass15	lightblue1
neuron_unk5	neuron_unk5	turquoise4
neuron_unk6	neuron_unk6	cadetblue4
neuron_unk7	neuron_unk7	turquoise2
neuron_unk8	neuron_unk8	turquoise1
neuron_unk9	neuron_unk9	turquoise
neuron_unk10	neuron_unk10	skyblue
neuron_unk11	neuron_unk11	skyblue1
neuron_unk12	neuron_unk12	skyblue2
neuron_unk13	neuron_unk13	skyblue3
neuron_unk14	neuron_unk14	steelblue3
neuron_unk15	neuron_unk15	skyblue4
neuron_unk16	neuron_unk16	darkblue
neuron_unk17	neuron_unk17	midnightblue
neuron_unk18	neuron_unk18	mediumblue
gland_secretory_U1	gland_secretory_U1	chocolate
gland_secretory_U2	gland_secretory_U2	chocolate1
gland_secretory_U3	gland_secretory_U3	chocolate2
gland_secretory_U4	gland_secretory_U4	chocolate3
gland_secretory_U5	gland_secretory_U5	coral4
gland_secretory_U6	gland_secretory_U6	chocolate4
gland_secretory_U7	gland_secretory_U7	coral1
gland_secretory_U9	gland_secretory_U9	coral3
gland_secretory_U11	gland_secretory_U11	coral
gland_secretory_U14	gland_secretory_U14	darkorange3
gland_secretory_U15	gland_secretory_U15	darkorange2
gland_secretory_U16	gland_secretory_U16	darkorange1
gland_secretory_U17	gland_secretory_U17	darkorange
gland_secretory_U19	gland_secretory_U19	sienna2
gland_secretory_U20	gland_secretory_U20	sienna3
gland_secretory_1A	gland_secretory_1A	tan3
gland_secretory_1B	gland_secretory_1B	tan4
gland_secretory_2	gland_secretory_2	tan2
gland_secretory_3	gland_secretory_3	tan1
gland_secretory_4	gland_secretory_4	sandybrown
gland_secretory_5	gland_secretory_5	orange1
gland_secretory_6	gland_secretory_6	orange2
gland_secretory_8	gland_secretory_8	orange3
gland_secretory_9	gland_secretory_9	orange4
